{"cameraMode":{"drawMode":0,"name":"Shaded","section":"Shading Mode"},"sceneLighting":true,"audioPlay":false,"sceneViewState":{"m_AlwaysRefresh":false,"showFog":true,"showSkybox":true,"showFlares":true,"showImageEffects":true,"showParticleSystems":true,"showVisualEffectGraphs":true,"m_FxEnabled":true},"in2DMode":false,"pivot":{"x":3.9069724082946779,"y":-23.406574249267579,"z":37.930572509765628},"rotation":{"x":0.3091891407966614,"y":-0.0734417587518692,"z":0.024131523445248605,"w":0.947914719581604},"size":40.17181396484375,"orthographic":false}