{"cameraMode":{"drawMode":0,"name":"Shaded","section":"Shading Mode"},"sceneLighting":true,"audioPlay":false,"sceneViewState":{"m_AlwaysRefresh":false,"showFog":true,"showSkybox":true,"showFlares":true,"showImageEffects":true,"showParticleSystems":true,"showVisualEffectGraphs":true,"m_FxEnabled":true},"in2DMode":false,"pivot":{"x":2.8011207580566408,"y":5.2774176597595219,"z":0.5387029647827148},"rotation":{"x":0.17927171289920808,"y":-0.7616363167762756,"z":0.23712874948978425,"w":0.5759095549583435},"size":10.01856517791748,"orthographic":false}